{
	"animatronics": [],
	"cameras": {
		"CamUI": {
			"buttons": [],
			"music_box": [ 550, 60 ],
			"sprites": []
		}
	},
	"game_info": {
		"id": "tpinc",
		"title": "Trolley Misery - Early Access Edition"
	},
	"menus": {
		"CustomNight": {
			"code": [],
			"elements": [],
			"properties": {
				"BackgroundImage": "",
				"BackgroundMusic": "",
				"StaticEffect": false
			}
		},
		"GameOver": {
			"code": [ {
				"args": [ "100" ],
				"block": "current_tick_equals",
				"subcode": [ {
					"args": [ "Main" ],
					"block": "goto_menu"
				} ]
			}, {
				"args": [],
				"block": "user_left_clicked",
				"subcode": [ {
					"args": [ "Main" ],
					"block": "goto_menu"
				} ]
			} ],
			"elements": [ {
				"fontname": "Consolas",
				"fontsize": 36,
				"hidden": false,
				"id": "",
				"text": "Game Over",
				"type": "StaticText",
				"x": 243,
				"y": 157
			} ],
			"properties": {
				"BackgroundImage": "",
				"BackgroundMusic": "",
				"StaticEffect": true
			}
		},
		"Main": {
			"code": [ {
				"args": [ "newgame" ],
				"block": "button_clicked",
				"subcode": [ {
					"args": [ "News" ],
					"block": "goto_menu"
				} ]
			}, {
				"args": [ "continue" ],
				"block": "button_clicked",
				"subcode": [ {
					"args": [],
					"block": "continue_game"
				} ]
			}, {
				"args": [],
				"block": "on_game_loop",
				"subcode": [ {
					"args": [ "continue" ],
					"block": "is_button_selected",
					"subcode": [ {
						"args": [ "night_txt" ],
						"block": "show_element"
					}, {
						"args": [ "night_txt", "Night %data(Night)" ],
						"block": "set_text"
					} ]
				}, {
					"args": [ "continue" ],
					"block": "is_button_selected",
					"negated": true,
					"subcode": [ {
						"args": [ "night_txt" ],
						"block": "hide_element"
					} ]
				} ]
			}, {
				"args": [],
				"block": "on_menu_start",
				"subcode": [ {
					"args": [ "%data(beat5)", "==", "1" ],
					"block": "compare_values",
					"subcode": [ {
						"args": [ "6thnight" ],
						"block": "show_element"
					} ]
				}, {
					"args": [ "%data(beat6)", "==", "1" ],
					"block": "compare_values",
					"subcode": [ {
						"args": [ "cn" ],
						"block": "show_element"
					} ]
				} ]
			}, {
				"args": [ "6thnight" ],
				"block": "button_clicked",
				"subcode": [ {
					"args": [ "6" ],
					"block": "start_night"
				} ]
			}, {
				"args": [ "cn" ],
				"block": "button_clicked",
				"subcode": [ {
					"args": [ "CustomNight" ],
					"block": "goto_menu"
				} ]
			}, {
				"args": [ "p" ],
				"block": "button_clicked",
				"subcode": [ {
					"args": [ "prob1" ],
					"block": "goto_menu"
				} ]
			}, {
				"args": [ "q" ],
				"block": "button_clicked",
				"subcode": [ {
					"args": [],
					"block": "quit"
				} ]
			} ],
			"elements": [ {
				"hidden": false,
				"id": "",
				"sprite": "autodraw 12_27_2022.png",
				"type": "Image",
				"x": -50,
				"y": 33
			}, {
				"fontname": "Consolas",
				"fontsize": 36,
				"hidden": false,
				"id": "p",
				"text": "Play",
				"type": "Button",
				"x": 128,
				"y": 289
			}, {
				"fontname": "Consolas",
				"fontsize": 36,
				"hidden": false,
				"id": "q",
				"text": "Quit",
				"type": "Button",
				"x": 372,
				"y": 295
			}, {
				"fontname": "Consolas",
				"fontsize": 30,
				"hidden": false,
				"id": "",
				"text": "2022-2023 All rights reserved to the Dere Crew.",
				"type": "StaticText",
				"x": 55,
				"y": 3
			} ],
			"properties": {
				"BackgroundImage": "",
				"BackgroundMusic": "",
				"StaticEffect": false
			}
		},
		"News": {
			"code": [ {
				"args": [ "80" ],
				"block": "current_tick_equals",
				"subcode": [ {
					"args": [],
					"block": "start_new_game"
				} ]
			}, {
				"args": [],
				"block": "user_left_clicked",
				"subcode": [ {
					"args": [],
					"block": "start_new_game"
				} ]
			} ],
			"elements": [],
			"properties": {
				"BackgroundImage": "",
				"BackgroundMusic": "",
				"StaticEffect": false
			}
		},
		"Warning": {
			"code": [ {
				"args": [ "80" ],
				"block": "current_tick_equals",
				"subcode": [ {
					"args": [ "Main" ],
					"block": "goto_menu"
				} ]
			}, {
				"args": [],
				"block": "user_left_clicked",
				"subcode": [ {
					"args": [ "Main" ],
					"block": "goto_menu"
				} ]
			} ],
			"elements": [],
			"properties": {
				"BackgroundImage": "loadtrolley.png",
				"BackgroundMusic": "",
				"StaticEffect": false
			}
		},
		"earlyaccessend": {
			"code": [ {
				"args": [ "120" ],
				"block": "current_tick_equals",
				"subcode": [ {
					"args": [],
					"block": "quit"
				} ]
			} ],
			"elements": [ {
				"fontname": "Consolas",
				"fontsize": 36,
				"hidden": false,
				"id": "",
				"text": "Thank you for playing this early access demo.",
				"type": "StaticText",
				"x": 16,
				"y": 113
			}, {
				"fontname": "Consolas",
				"fontsize": 36,
				"hidden": false,
				"id": "",
				"text": "This game on full release, will be dark as hell.",
				"type": "StaticText",
				"x": 15,
				"y": 148
			}, {
				"fontname": "Consolas",
				"fontsize": 36,
				"hidden": false,
				"id": "",
				"text": ";)",
				"type": "StaticText",
				"x": 256,
				"y": 221
			}, {
				"fontname": "Consolas",
				"fontsize": 30,
				"hidden": false,
				"id": "",
				"text": "There will be updates to the early access demo too.",
				"type": "StaticText",
				"x": 36,
				"y": 189
			} ],
			"properties": {
				"BackgroundImage": "",
				"BackgroundMusic": "",
				"StaticEffect": false
			}
		},
		"prob1": {
			"code": [ {
				"args": [ "lever1" ],
				"block": "button_clicked",
				"subcode": [ {
					"args": [ "prob2" ],
					"block": "goto_menu"
				} ]
			}, {
				"args": [ "kill1" ],
				"block": "button_clicked",
				"subcode": [ {
					"args": [ "prob2" ],
					"block": "goto_menu"
				} ]
			} ],
			"elements": [ {
				"fontname": "Consolas",
				"fontsize": 36,
				"hidden": false,
				"id": "lever1",
				"text": "Pull The Lever",
				"type": "Button",
				"x": 74,
				"y": 260
			}, {
				"fontname": "Consolas",
				"fontsize": 36,
				"hidden": false,
				"id": "kill1",
				"text": "Do nothing",
				"type": "Button",
				"x": 326,
				"y": 265
			} ],
			"properties": {
				"BackgroundImage": "autodraw 12_29_2022 (1).png",
				"BackgroundMusic": "",
				"StaticEffect": false
			}
		},
		"prob2": {
			"code": [ {
				"args": [ "lever2" ],
				"block": "button_clicked",
				"subcode": [ {
					"args": [ "prob3" ],
					"block": "goto_menu"
				} ]
			}, {
				"args": [ "kill2" ],
				"block": "button_clicked",
				"subcode": [ {
					"args": [ "prob3" ],
					"block": "goto_menu"
				} ]
			} ],
			"elements": [ {
				"fontname": "Consolas",
				"fontsize": 36,
				"hidden": false,
				"id": "lever2",
				"text": "Pull The Lever",
				"type": "Button",
				"x": 82,
				"y": 249
			}, {
				"fontname": "Consolas",
				"fontsize": 36,
				"hidden": false,
				"id": "kill2",
				"text": "Do Nothing",
				"type": "Button",
				"x": 369,
				"y": 253
			} ],
			"properties": {
				"BackgroundImage": "autodraw 12_29_2022.png",
				"BackgroundMusic": "",
				"StaticEffect": false
			}
		},
		"prob3": {
			"code": [ {
				"args": [ "youmurderer" ],
				"block": "button_clicked",
				"subcode": [ {
					"args": [ "prob4" ],
					"block": "goto_menu"
				} ]
			}, {
				"args": [ "savedad" ],
				"block": "button_clicked",
				"subcode": [ {
					"args": [ "prob4" ],
					"block": "goto_menu"
				} ]
			} ],
			"elements": [ {
				"fontname": "Consolas",
				"fontsize": 36,
				"hidden": false,
				"id": "savedad",
				"text": "Pull The Lever",
				"type": "Button",
				"x": 213,
				"y": 304
			}, {
				"fontname": "Consolas",
				"fontsize": 36,
				"hidden": false,
				"id": "youmurderer",
				"text": "Do Nothing. Like a idiot.",
				"type": "Button",
				"x": 155,
				"y": 258
			} ],
			"properties": {
				"BackgroundImage": "autodraw 12_29_2022 (2).png",
				"BackgroundMusic": "",
				"StaticEffect": false
			}
		},
		"prob4": {
			"code": [ {
				"args": [ "lazy" ],
				"block": "button_clicked",
				"subcode": [ {
					"args": [ "earlyaccessend" ],
					"block": "goto_menu"
				} ]
			} ],
			"elements": [ {
				"fontname": "Consolas",
				"fontsize": 36,
				"hidden": false,
				"id": "lazy",
				"text": "Do Nothing. Dont do anything.",
				"type": "Button",
				"x": 110,
				"y": 244
			} ],
			"properties": {
				"BackgroundImage": "autodraw 12_29_2022 (3).png",
				"BackgroundMusic": "",
				"StaticEffect": false
			}
		}
	},
	"office": {
		"animations": {
			"camera": "",
			"mask": "",
			"powerout": ""
		},
		"flashlight": false,
		"mask": false,
		"objects": [],
		"panorama": true,
		"power": {
			"animatronic": "",
			"enabled": false,
			"starting_level": 99,
			"ucn": false
		},
		"states": {
			"Default": ""
		},
		"toxic": false,
		"uibuttons": {
			"camera": {
				"image": "e.defaultcamera",
				"position": [ 415, 315 ]
			},
			"mask": {
				"image": "e.defaultmask",
				"position": [ 175, 315 ]
			}
		}
	},
	"sounds": {
		"ambience": "",
		"animatronic_move": [],
		"blip": "",
		"camdown": "",
		"camup": "",
		"flashlight": "",
		"maskbreathing": "",
		"maskoff": "",
		"maskon": "",
		"masktoxic": "",
		"music_box_run_out": "",
		"phone_calls": [ "", "", "", "", "", "" ],
		"powerout": "",
		"signal_interrupted": "",
		"stare": ""
	}
}